Model,Params_M,ONNX_MB
YOLO26n,2.5077,9.812339
YOLO11n,2.59179,10.611246
